timestamp,is_in_processed
3841397333.6594,False
3841397333.8684,False
3841397334.1794,False
3841397334.3884,False
3841397334.5934,False
3841397334.6964,False
3841397334.9044,False
3841397335.2154,False
3841397335.3174,False
3841397335.5264,False
3841397335.7344,False
3841397335.9414,False
3841397336.1454,False
3841397336.3504,False
3841397336.5594,False
3841397336.8724,False
3841397337.1884,False
3841397344.5804,False
3841397344.8914,False
3841397345.1014,False
3841397345.4164,False
3841397345.7314,False
3841397345.9424,False
3841397346.1504,False
3841397346.4604,False
3841397346.8824,False
3841397347.0884,False
3841397347.4004,False
3841397347.6044,False
3841397347.9144,False
3841397348.2234,False
3841397348.5334,False
3841397348.8434,False
3841397349.0544,False
3841397349.2624,False
3841397349.5704,False
3841397349.9874,False
3841397350.2974,False
3841397350.6154,False
3841397350.9274,False
3841397351.3414,False
3841397351.7554,False
3841397352.1704,False
3841397352.4874,False
3841397352.9094,False
3841397353.3274,False
3841397353.6404,False
3841397354.0574,False
3841397354.3734,False
3841397354.7864,False
3841397355.0994,False
3841397355.5134,False
3841397355.9344,False
3841397356.2494,False
3841397356.6634,False
3841397356.8754,False
3841397357.2944,False
3841397357.6124,False
3841397357.8224,False
3841397358.0354,False
3841397358.2434,False
3841397358.4544,False
3841397358.6664,False
3841397358.8784,False
3841397359.0854,False
3841397359.3974,False
3841397359.6054,False
3841397359.8154,False
3841397360.0224,False
3841397360.2334,False
3841397360.4434,False
3841397360.6524,False
3841397360.8584,False
3841397361.0674,False
3841397361.2764,False
3841397361.5854,False
3841397361.7954,False
3841397362.0054,False
3841397362.2164,False
3841397362.4244,False
3841397362.6284,False
3841397362.8374,False
3841397363.0454,False
3841397363.2514,False
3841397363.5654,False
3841397363.7724,False
3841397363.9774,False
3841397364.1884,False
3841397364.4014,False
3841397364.6094,False
3841397364.9234,False
3841397365.1354,False
3841397365.3484,False
3841397365.5584,False
3841397365.7684,False
3841397365.9744,False
3841397366.1824,False
3841397366.5004,False
3841397366.7114,False
3841397366.9214,False
