timestamp,is_in_log
1758507567.5604,False
1758507567.6674,False
1758507567.7724,False
1758507567.8783998,False
1758507567.9833999,False
1758507568.0864,False
1758507568.1934,False
1758507568.2993999,False
1758507568.4043999,False
1758507568.5084,False
1758507568.6124,False
1758507568.7164001,False
1758507568.8234,False
1758507568.9284,False
1758507569.0354,False
1758507569.1394,False
1758507569.2413998,False
1758507569.3463998,False
1758507569.4513998,False
1758507569.5563998,False
1758507569.6613998,False
1758507569.7673998,False
1758507569.8704,False
1758507569.9764,False
1758507570.0823998,False
1758507570.1854,False
1758507570.2873998,False
1758507570.3923998,False
1758507570.4984002,False
1758507570.6034002,False
1758507570.7054,False
1758507570.8084002,False
1758507570.9123998,False
1758507571.0184002,False
1758507571.1213999,False
1758507571.2254,False
1758507571.3314,False
1758507571.4334002,False
1758507571.5363998,False
1758507571.6394,False
1758507571.7454,False
1758507571.8534002,False
1758507571.9594002,False
1758507572.0654001,False
1758507572.1694002,False
1758507572.2724,False
1758507572.3774,False
1758507572.4814,False
1758507572.5864,False
1758507572.6914,False
1758507572.7974,False
1758507572.9014,False
1758507573.0064,False
1758507573.1124,False
1758507573.2164001,False
1758507573.3224,False
1758507573.4264002,False
1758507573.5314002,False
1758507573.6344,False
1758507573.7403998,False
1758507573.8474002,False
1758507573.9494,False
1758507574.0544,False
1758507574.1604,False
1758507574.2663999,False
1758507574.3713999,False
1758507574.4744,False
1758507574.5784001,False
1758507574.6804,False
1758507574.7873998,False
1758507574.8934002,False
1758507574.9954,False
1758507575.0984,False
1758507575.2044,False
1758507575.3104,False
1758507575.4164,False
1758507575.5233998,False
1758507575.6283998,False
1758507575.7324,False
1758507575.8384,False
1758507575.9443998,False
1758507576.0464,False
1758507576.1534,False
1758507576.2584,False
1758507576.3624,False
1758507576.4664001,False
1758507576.5734,False
1758507576.6764002,False
1758507576.7824001,False
1758507576.8864002,False
1758507576.9913998,False
1758507577.0963998,False
1758507577.2013998,False
1758507577.3063998,False
1758507577.4104,False
1758507577.5134,False
1758507577.6194,False
1758507577.7254,False
1758507577.8304,False
1758507577.9373999,False
